*	PreBudget31: Business Policy
..	MicroFinance47: Cash Economy
1.	Gold: Future Index
2.	Crud: Base Resource
3.	Dollar: Currency Value
4.	Force: General Insurance
5.	Loan: Core Amount
6.	Crypto: Main Portfolio
7.	Power: Prime Investment
8.	Rail: Remote Network
9.	Sport: Brand Template
10.	Fashion: Source Name
11.	Food: Complex Format
12.	Bank: Data Security
13.	Tech: Key Protocol
14.	Grocery: Regular Product
15.	Trade: Company Profile
16.	Car: Formal Sector
17.	Chip: Mobile Platform
18.	Green: New Ecosystem
19.	Robot: Artificial Intelligence
20.	Outsource: Service Charge
21.	Resale: Share Market
22.	Factory: Supply Chain
23.	Tourism: Post Address
24.	Health: Family Structure
25.	Recycle: Metal Alloy
26.	Travel: Other Interest
::.	StartUp28: Commodity Market