*	Formation38: Script Style
..	Company: Base Structure
1.	Contract: Eligibility Criteria
2.	Brand: Requirement Analysis
3.	Asset: Manifestation Level
4.	Material: Compatibility Factor
5.	Contact: Franchise Reference
6.	Authority: Terminology Factor
7.	Board: Feasibility Analysis
8.	Business: Delegation Team
9.	Policy: Return Licence
10.	Member: Relation Library
11.	Capital: Case Insurance
12.	Patent: Term Condition
13.	Model: Project Estimation
14.	Architecture: Submission Style
15.	Design: System Platform
16.	Blueprint: Distribution Name
17.	Establishment: Trade Category
18.	Licence: Group Conversion
19.	Judiciary: Permission Note
20.	Community: Delivery Channel
21.	Project: Prerequisite Item
22.	Security: Constructive Loop
23.	Source: Property Nomenclature
24.	Public: Commission Structure
25.	Protect: Regular Specification
26.	Private: Probe Determinant
::.	Signature: Node Placement